{
  "name": "Model_Test7",
  "inputLayerNeuron": 4,
  "inputLayerBias": 1.0,
  "hiddenLayers": [
    {
      "id": 1,
      "neurons": 3,
      "algorithm": 7,
      "bias": 1.0,
      "weights": [
        [
          -10.0,
          20.0,
          20.0,
          30.0,
          20.0
        ],
        [
          30.0,
          -20.0,
          -20.0,
          -10.0,
          20.0
        ],
        [
          10.0,
          20.0,
          30.0,
          40.0,
          20.0
        ]
      ]
    },
    {
      "id": 2,
      "neurons": 2,
      "algorithm": 7,
      "bias": 1.0,
      "weights": [
        [
          -10.0,
          20.0,
          40.0,
          50.0
        ],
        [
          30.0,
          -20.0,
          20.0,
          30.0
        ]
      ]
    }
  ],
  "outputLayers": {
    "neurons": 1,
    "weights": [
      [
        -30.00006764244752,
        19.99993235755248,
        19.99993235755248
      ]
    ]
  }
}